<?xml version="1.0" encoding="UTF-8"?>
<project-private xmlns="http://www.netbeans.org/ns/project-private/1">
    <editor-bookmarks xmlns="http://www.netbeans.org/ns/editor-bookmarks/2" lastBookmarkId="0"/>
    <open-files xmlns="http://www.netbeans.org/ns/projectui-open-files/2">
        <group>
            <file>file:/C:/Users/sexy_/OneDrive%20-%20Universidad%20Autónoma%20Metropolitana%20Unidad%20Azcapotzalco/Escuela/Trimestre%2021i/Sistemas%20de%20Información/AnalisisForesne/src/Model/Manager2.java</file>
            <file>file:/C:/Users/sexy_/OneDrive%20-%20Universidad%20Autónoma%20Metropolitana%20Unidad%20Azcapotzalco/Escuela/Trimestre%2021i/Sistemas%20de%20Información/AnalisisForesne/src/Model/Register.java</file>
            <file>file:/C:/Users/sexy_/OneDrive%20-%20Universidad%20Autónoma%20Metropolitana%20Unidad%20Azcapotzalco/Escuela/Trimestre%2021i/Sistemas%20de%20Información/AnalisisForesne/src/Model/Country.java</file>
            <file>file:/C:/Users/sexy_/OneDrive%20-%20Universidad%20Autónoma%20Metropolitana%20Unidad%20Azcapotzalco/Escuela/Trimestre%2021i/Sistemas%20de%20Información/AnalisisForesne/src/Model/Message.java</file>
            <file>file:/C:/Users/sexy_/OneDrive%20-%20Universidad%20Autónoma%20Metropolitana%20Unidad%20Azcapotzalco/Escuela/Trimestre%2021i/Sistemas%20de%20Información/AnalisisForesne/src/Test/Prueba.java</file>
            <file>file:/C:/Users/sexy_/OneDrive%20-%20Universidad%20Autónoma%20Metropolitana%20Unidad%20Azcapotzalco/Escuela/Trimestre%2021i/Sistemas%20de%20Información/AnalisisForesne/src/Model/Manager.java</file>
        </group>
    </open-files>
</project-private>
